{"cameraMode":{"drawMode":0,"name":"Shaded","section":"Shading Mode"},"sceneLighting":true,"audioPlay":false,"sceneViewState":{"m_AlwaysRefresh":false,"showFog":true,"showSkybox":true,"showFlares":true,"showImageEffects":true,"showParticleSystems":true,"showVisualEffectGraphs":true,"m_FxEnabled":true},"in2DMode":false,"pivot":{"x":373.5711975097656,"y":123.86045837402344,"z":22.584819793701173},"rotation":{"x":-0.11313888430595398,"y":0.7464227676391602,"z":-0.13144317269325257,"w":-0.6424792408943176},"size":11.303513526916504,"orthographic":false}